timestamp_utc,timestamp_local,predicted_renewable_share_pct
2026-10-08 00:00:00+00:00,2026-10-08 02:00:00+02:00,51.760773
2026-10-08 01:00:00+00:00,2026-10-08 03:00:00+02:00,47.18817
2026-10-08 02:00:00+00:00,2026-10-08 04:00:00+02:00,44.091763
2026-10-08 03:00:00+00:00,2026-10-08 05:00:00+02:00,45.311657
2026-10-08 04:00:00+00:00,2026-10-08 06:00:00+02:00,44.247345
2026-10-08 05:00:00+00:00,2026-10-08 07:00:00+02:00,46.05496
2026-10-08 06:00:00+00:00,2026-10-08 08:00:00+02:00,50.116188
2026-10-08 07:00:00+00:00,2026-10-08 09:00:00+02:00,62.23337
2026-10-08 08:00:00+00:00,2026-10-08 10:00:00+02:00,60.29525
2026-10-08 09:00:00+00:00,2026-10-08 11:00:00+02:00,61.993404
2026-10-08 10:00:00+00:00,2026-10-08 12:00:00+02:00,68.55746
2026-10-08 11:00:00+00:00,2026-10-08 13:00:00+02:00,65.428505
2026-10-08 12:00:00+00:00,2026-10-08 14:00:00+02:00,70.91822
2026-10-08 13:00:00+00:00,2026-10-08 15:00:00+02:00,72.80354
2026-10-08 14:00:00+00:00,2026-10-08 16:00:00+02:00,75.232216
2026-10-08 15:00:00+00:00,2026-10-08 17:00:00+02:00,65.923195
2026-10-08 16:00:00+00:00,2026-10-08 18:00:00+02:00,62.170357
2026-10-08 17:00:00+00:00,2026-10-08 19:00:00+02:00,57.938496
2026-10-08 18:00:00+00:00,2026-10-08 20:00:00+02:00,56.306606
2026-10-08 19:00:00+00:00,2026-10-08 21:00:00+02:00,63.18041
2026-10-08 20:00:00+00:00,2026-10-08 22:00:00+02:00,64.765434
2026-10-08 21:00:00+00:00,2026-10-08 23:00:00+02:00,66.18613
2026-10-08 22:00:00+00:00,2026-10-09 00:00:00+02:00,67.87903
2026-10-08 23:00:00+00:00,2026-10-09 01:00:00+02:00,66.38201
2026-10-09 00:00:00+00:00,2026-10-09 02:00:00+02:00,65.8608
2026-10-09 01:00:00+00:00,2026-10-09 03:00:00+02:00,66.99792
2026-10-09 02:00:00+00:00,2026-10-09 04:00:00+02:00,65.58712
2026-10-09 03:00:00+00:00,2026-10-09 05:00:00+02:00,64.3943
2026-10-09 04:00:00+00:00,2026-10-09 06:00:00+02:00,59.242996
2026-10-09 05:00:00+00:00,2026-10-09 07:00:00+02:00,59.29
2026-10-09 06:00:00+00:00,2026-10-09 08:00:00+02:00,61.82314
2026-10-09 07:00:00+00:00,2026-10-09 09:00:00+02:00,62.60403
2026-10-09 08:00:00+00:00,2026-10-09 10:00:00+02:00,69.69168
2026-10-09 09:00:00+00:00,2026-10-09 11:00:00+02:00,72.36381
2026-10-09 10:00:00+00:00,2026-10-09 12:00:00+02:00,78.486664
2026-10-09 11:00:00+00:00,2026-10-09 13:00:00+02:00,76.70527
2026-10-09 12:00:00+00:00,2026-10-09 14:00:00+02:00,75.0464
2026-10-09 13:00:00+00:00,2026-10-09 15:00:00+02:00,76.68618
2026-10-09 14:00:00+00:00,2026-10-09 16:00:00+02:00,75.321495
2026-10-09 15:00:00+00:00,2026-10-09 17:00:00+02:00,73.58041
2026-10-09 16:00:00+00:00,2026-10-09 18:00:00+02:00,71.25624
2026-10-09 17:00:00+00:00,2026-10-09 19:00:00+02:00,70.77002
2026-10-09 18:00:00+00:00,2026-10-09 20:00:00+02:00,68.10646
2026-10-09 19:00:00+00:00,2026-10-09 21:00:00+02:00,71.503265
2026-10-09 20:00:00+00:00,2026-10-09 22:00:00+02:00,73.58424
2026-10-09 21:00:00+00:00,2026-10-09 23:00:00+02:00,74.325485
2026-10-09 22:00:00+00:00,2026-10-10 00:00:00+02:00,80.21627
2026-10-09 23:00:00+00:00,2026-10-10 01:00:00+02:00,79.804184
2026-10-10 00:00:00+00:00,2026-10-10 02:00:00+02:00,79.85737
2026-10-10 01:00:00+00:00,2026-10-10 03:00:00+02:00,79.93085
2026-10-10 02:00:00+00:00,2026-10-10 04:00:00+02:00,79.10525
2026-10-10 03:00:00+00:00,2026-10-10 05:00:00+02:00,78.216125
2026-10-10 04:00:00+00:00,2026-10-10 06:00:00+02:00,75.274864
2026-10-10 05:00:00+00:00,2026-10-10 07:00:00+02:00,80.11778
2026-10-10 06:00:00+00:00,2026-10-10 08:00:00+02:00,79.74158
2026-10-10 07:00:00+00:00,2026-10-10 09:00:00+02:00,78.65216
2026-10-10 08:00:00+00:00,2026-10-10 10:00:00+02:00,80.37712
2026-10-10 09:00:00+00:00,2026-10-10 11:00:00+02:00,80.59199
2026-10-10 10:00:00+00:00,2026-10-10 12:00:00+02:00,87.06408
2026-10-10 11:00:00+00:00,2026-10-10 13:00:00+02:00,84.190674
2026-10-10 12:00:00+00:00,2026-10-10 14:00:00+02:00,84.52959
2026-10-10 13:00:00+00:00,2026-10-10 15:00:00+02:00,84.48138
2026-10-10 14:00:00+00:00,2026-10-10 16:00:00+02:00,83.6834
2026-10-10 15:00:00+00:00,2026-10-10 17:00:00+02:00,78.94499
2026-10-10 16:00:00+00:00,2026-10-10 18:00:00+02:00,70.69248
2026-10-10 17:00:00+00:00,2026-10-10 19:00:00+02:00,65.92287
2026-10-10 18:00:00+00:00,2026-10-10 20:00:00+02:00,68.21446
2026-10-10 19:00:00+00:00,2026-10-10 21:00:00+02:00,70.78491
2026-10-10 20:00:00+00:00,2026-10-10 22:00:00+02:00,70.61596
2026-10-10 21:00:00+00:00,2026-10-10 23:00:00+02:00,72.88115
2026-10-10 22:00:00+00:00,2026-10-11 00:00:00+02:00,76.33997
2026-10-10 23:00:00+00:00,2026-10-11 01:00:00+02:00,76.026306
