feature,importance
wind_speed_100m_land_mean_ms,0.22327569
shortwave_radiation_land_mean_wm2,0.17713793
solar_mwh_lag_72h,0.15161069
wind_speed_100m_offshore_mean_ms,0.06455853
solar_mwh_lag_168h,0.058491006
is_weekend,0.056713138
is_public_holiday,0.053895716
lignite_mwh_lag_168h,0.03104509
weekday,0.021075048
lignite_mwh_lag_72h,0.019058904
grid_load_mwh_lag_168h,0.01704588
hard_coal_mwh_lag_168h,0.014898996
renewable_share_of_generation_pct_lag_168h,0.012674812
total_generation_mwh_lag_168h,0.0116049815
natural_gas_mwh_lag_72h,0.009625253
hour_local,0.009471866
natural_gas_mwh_lag_168h,0.009449756
month,0.009065989
daylight_hours,0.008661357
renewable_share_of_generation_pct_lag_72h,0.008203733
temperature_2m_land_mean_c,0.0067339074
cloud_cover_land_mean_pct,0.0048751826
hard_coal_mwh_lag_72h,0.0037886386
wind_offshore_mwh_lag_72h,0.003593595
total_generation_mwh_lag_72h,0.0027456684
renewable_generation_mwh_lag_72h,0.0022433202
wind_offshore_mwh_lag_168h,0.0020824694
grid_load_mwh_lag_72h,0.001857993
wind_onshore_mwh_lag_168h,0.0018144953
wind_onshore_mwh_lag_72h,0.0014383444
renewable_generation_mwh_lag_168h,0.0012620328
