feature,coefficient,absolute_coefficient
wind_speed_100m_land_mean_ms,8.655458719561313,8.655458719561313
shortwave_radiation_land_mean_wm2,8.489712538075786,8.489712538075786
wind_speed_100m_offshore_mean_ms,3.896354938552229,3.896354938552229
is_weekend,2.240452688874096,2.240452688874096
daylight_hours,2.0197177025829607,2.0197177025829607
hour_local,-1.6951609791175943,1.6951609791175943
is_public_holiday,1.2589907962082065,1.2589907962082065
month,0.8819182769786883,0.8819182769786883
cloud_cover_land_mean_pct,-0.5348995462744388,0.5348995462744388
weekday,0.21003193369890882,0.21003193369890882
temperature_2m_land_mean_c,0.0811350664351482,0.0811350664351482
