timestamp_utc,actual,prediction
2015-01-01 00:00:00+00:00,33.596419181451616,38.178486
2015-02-01 00:00:00+00:00,26.850281683035714,31.75608
2015-03-01 00:00:00+00:00,32.62518607123656,39.233597
2015-04-01 00:00:00+00:00,34.6635771375,40.478043
2015-05-01 00:00:00+00:00,38.50523321774193,43.987865
2015-06-01 00:00:00+00:00,35.05345922777778,38.83689
2015-07-01 00:00:00+00:00,37.13784839112903,41.557888
2015-08-01 00:00:00+00:00,31.388457434139788,37.20395
2015-09-01 00:00:00+00:00,30.44010459861111,37.72843
2015-10-01 00:00:00+00:00,24.052790684139786,28.88973
2015-11-01 00:00:00+00:00,35.3601363625,40.339024
2015-12-01 00:00:00+00:00,38.399222842741935,41.755844
2016-01-01 00:00:00+00:00,31.924396068548386,35.680172
2016-02-01 00:00:00+00:00,36.21710675143678,40.30828
2016-03-01 00:00:00+00:00,31.252190389784946,33.557663
2016-04-01 00:00:00+00:00,36.715853780555555,39.129456
2016-05-01 00:00:00+00:00,40.893717563172046,44.51441
2016-06-01 00:00:00+00:00,33.799581325,36.623722
2016-07-01 00:00:00+00:00,35.90666667876344,38.93494
2016-08-01 00:00:00+00:00,35.19771713844086,38.048817
2016-09-01 00:00:00+00:00,30.394963194444447,33.25143
2016-10-01 00:00:00+00:00,27.730143818548385,31.614672
2016-11-01 00:00:00+00:00,31.26267717672414,34.20178
2016-12-01 00:00:00+00:00,33.633339713709674,35.151768
2017-01-01 00:00:00+00:00,28.422864889784943,29.40454
2017-02-01 00:00:00+00:00,37.012773522321424,38.1538
2017-03-01 00:00:00+00:00,38.91995327016129,39.71541
2017-04-01 00:00:00+00:00,39.807627243055556,41.604042
2017-05-01 00:00:00+00:00,36.880442876344084,40.601635
2017-06-01 00:00:00+00:00,40.403066361111115,43.47052
2017-07-01 00:00:00+00:00,37.407741885752685,38.81385
2017-08-01 00:00:00+00:00,35.97872857930108,37.7726
2017-09-01 00:00:00+00:00,33.901010426388886,35.538586
2017-10-01 00:00:00+00:00,42.806179235215055,45.21653
2017-11-01 00:00:00+00:00,35.10357171527778,36.177002
2017-12-01 00:00:00+00:00,43.235146654569895,43.921947
2018-01-01 00:00:00+00:00,40.82136083472222,40.547035
2018-02-01 00:00:00+00:00,30.415174626488096,30.30444
2018-03-01 00:00:00+00:00,35.97600937903226,37.484245
2018-04-01 00:00:00+00:00,42.83038353611111,43.943428
2018-05-01 00:00:00+00:00,43.53647534274193,44.787407
2018-06-01 00:00:00+00:00,37.411837945833334,39.411877
2018-07-01 00:00:00+00:00,33.16991893548387,36.328495
2018-08-01 00:00:00+00:00,35.14935159970238,38.379
2018-09-01 00:00:00+00:00,36.57701882083333,38.102
2018-10-01 00:00:00+00:00,37.15696409543011,39.01883
2018-11-01 00:00:00+00:00,32.88622749583333,33.780624
2018-12-01 00:00:00+00:00,41.01127551478495,41.63917
2019-01-01 00:00:00+00:00,38.647333625,37.94113
2019-02-01 00:00:00+00:00,37.81118061607143,38.45457
2019-03-01 00:00:00+00:00,49.165011774193545,47.838184
2019-04-01 00:00:00+00:00,43.88251107361111,43.86734
2019-05-01 00:00:00+00:00,44.623730428763444,43.884945
2019-06-01 00:00:00+00:00,46.73663242638889,44.288834
2019-07-01 00:00:00+00:00,41.08664311827957,40.27796
2019-08-01 00:00:00+00:00,40.044381842741934,37.26434
2019-09-01 00:00:00+00:00,42.2856398125,39.90607
2019-10-01 00:00:00+00:00,40.985262935483874,40.153236
2019-11-01 00:00:00+00:00,34.4636806375,33.39331
2019-12-01 00:00:00+00:00,45.9717031827957,43.472717
2020-01-01 00:00:00+00:00,44.1109301922043,40.689316
2020-02-01 00:00:00+00:00,57.52911423706896,53.43113
2020-03-01 00:00:00+00:00,51.04799805913978,46.51867
2020-04-01 00:00:00+00:00,52.44248614861111,46.394722
2020-05-01 00:00:00+00:00,51.15127610349463,45.772953
2020-06-01 00:00:00+00:00,45.63686321805555,42.48345
2020-07-01 00:00:00+00:00,44.87549218951613,40.553726
2020-08-01 00:00:00+00:00,40.329828818548386,38.214252
2020-09-01 00:00:00+00:00,37.754730691666666,34.379776
2020-10-01 00:00:00+00:00,45.11092194354839,42.89459
2020-11-01 00:00:00+00:00,37.5566125875,35.647438
2020-12-01 00:00:00+00:00,37.16317768413978,36.556076
2021-01-01 00:00:00+00:00,33.96048517473118,32.088577
2021-02-01 00:00:00+00:00,41.39750865476191,37.666702
2021-03-01 00:00:00+00:00,42.68243472580645,39.119255
2021-04-01 00:00:00+00:00,44.43625497638889,42.43735
2021-05-01 00:00:00+00:00,50.691027819892476,47.627514
2021-06-01 00:00:00+00:00,40.09814808055555,38.50024
2021-07-01 00:00:00+00:00,41.73917075268817,38.206097
2021-08-01 00:00:00+00:00,45.2064698077957,40.49724
2021-09-01 00:00:00+00:00,34.977543079166665,33.268955
2021-10-01 00:00:00+00:00,44.83588459408602,41.74039
2021-11-01 00:00:00+00:00,33.67708344305556,32.785576
2021-12-01 00:00:00+00:00,36.94709013575269,35.931393
2022-01-01 00:00:00+00:00,43.73539930107527,40.415768
2022-02-01 00:00:00+00:00,56.39803216815476,53.164154
2022-03-01 00:00:00+00:00,38.3165484327957,37.051273
2022-04-01 00:00:00+00:00,48.313881125,45.49009
2022-05-01 00:00:00+00:00,49.98153295430108,45.071762
2022-06-01 00:00:00+00:00,46.56828903611111,41.62492
2022-07-01 00:00:00+00:00,44.371739043010756,41.78093
2022-08-01 00:00:00+00:00,40.1602798172043,35.643127
2022-09-01 00:00:00+00:00,42.51594221805556,36.988983
2022-10-01 00:00:00+00:00,48.16725613440861,41.63221
2022-11-01 00:00:00+00:00,44.297926456944445,38.142235
2022-12-01 00:00:00+00:00,39.79544118817204,37.790787
