timestamp_utc,temperature_2m_land_mean_c,cloud_cover_land_mean_pct,wind_speed_100m_land_mean_ms,shortwave_radiation_land_mean_wm2,wind_speed_100m_offshore_mean_ms
2026-10-08T00:00,14.9143,96.619,6.5314,0.0,8.465
2026-10-08T01:00,14.6524,97.619,6.1705,0.0,8.195
2026-10-08T02:00,14.5048,98.3333,5.9686,0.0,8.03
2026-10-08T03:00,14.4,97.7143,5.8176,0.0,10.88
2026-10-08T04:00,14.3762,98.5714,5.8957,0.0,12.045
2026-10-08T05:00,14.319,98.9524,5.7248,0.0,11.985
2026-10-08T06:00,14.3571,98.9524,6.1267,2.5714,11.715
2026-10-08T07:00,14.5143,97.2857,6.7129,26.5714,11.755
2026-10-08T08:00,14.8429,96.9048,6.6171,56.0,9.025
2026-10-08T09:00,15.1238,95.9048,7.2681,77.2381,9.07
2026-10-08T10:00,15.2,99.1429,8.0248,96.2857,11.485
2026-10-08T11:00,15.2143,99.7143,8.2862,119.7619,9.535
2026-10-08T12:00,15.0476,93.8095,9.1843,143.2857,12.12
2026-10-08T13:00,14.6714,94.0,9.3305,133.1905,13.32
2026-10-08T14:00,14.4143,94.0952,9.6414,131.381,15.8
2026-10-08T15:00,13.9952,86.0952,8.9629,97.5238,14.305
2026-10-08T16:00,13.6,77.0,8.8071,60.619,14.825
2026-10-08T17:00,12.9476,75.6667,8.15,9.2381,15.48
2026-10-08T18:00,12.2762,60.8571,8.12,0.0,15.235
2026-10-08T19:00,11.681,59.0,8.5314,0.0,14.225
2026-10-08T20:00,11.081,47.8095,8.33,0.0,14.84
2026-10-08T21:00,10.581,38.7619,8.1548,0.0,14.87
2026-10-08T22:00,10.1429,33.5238,8.2567,0.0,15.365
2026-10-08T23:00,9.6571,38.3333,8.0229,0.0,15.38
2026-10-09T00:00,9.2857,36.8571,7.9305,0.0,15.27
2026-10-09T01:00,8.9905,37.9524,7.7014,0.0,15.305
2026-10-09T02:00,8.719,44.0952,7.5724,0.0,16.375
2026-10-09T03:00,8.519,47.4762,7.5419,0.0,16.205
2026-10-09T04:00,8.4,48.9048,7.4814,0.0,15.77
2026-10-09T05:00,8.2524,66.0952,7.5757,0.0,15.165
2026-10-09T06:00,8.3429,75.4286,7.3652,5.3333,14.61
2026-10-09T07:00,9.0762,83.0952,7.0981,58.2857,14.65
2026-10-09T08:00,10.1333,90.7619,7.1433,123.381,14.415
2026-10-09T09:00,11.1238,92.4762,7.6843,189.7143,15.6
2026-10-09T10:00,11.8714,93.4762,8.3795,218.0952,13.985
2026-10-09T11:00,12.3286,98.1905,9.0124,209.0476,15.545
2026-10-09T12:00,12.2762,97.381,9.1414,150.619,15.31
2026-10-09T13:00,12.2,96.8571,9.4086,107.3333,14.0
2026-10-09T14:00,12.1952,98.7619,9.651,77.0952,13.885
2026-10-09T15:00,12.1143,99.381,9.8214,45.1429,14.39
2026-10-09T16:00,12.119,100.0,9.8219,19.381,13.73
2026-10-09T17:00,12.1857,99.8095,9.8762,2.7619,13.335
2026-10-09T18:00,12.281,99.5238,9.8895,0.0,12.865
2026-10-09T19:00,12.3667,98.4286,10.0633,0.0,12.31
2026-10-09T20:00,12.4333,97.381,10.1595,0.0,12.04
2026-10-09T21:00,12.4333,96.5714,10.1876,0.0,14.04
2026-10-09T22:00,12.481,95.0,10.2786,0.0,13.76
2026-10-09T23:00,12.4048,95.2857,10.0305,0.0,13.25
2026-10-10T00:00,12.3238,92.6667,9.729,0.0,14.095
2026-10-10T01:00,12.1619,94.0476,9.5519,0.0,13.095
2026-10-10T02:00,12.0238,93.4762,9.381,0.0,13.42
2026-10-10T03:00,11.8571,84.8095,9.239,0.0,12.105
2026-10-10T04:00,11.7381,86.1905,9.17,0.0,12.295
2026-10-10T05:00,11.5619,81.5238,9.1795,0.0,12.225
2026-10-10T06:00,11.4905,76.7619,9.1976,2.8571,11.555
2026-10-10T07:00,11.8714,75.9524,8.6133,45.6238,11.54
2026-10-10T08:00,12.6,73.8095,8.2424,120.381,12.07
2026-10-10T09:00,13.4238,74.9048,8.7067,208.1905,11.125
2026-10-10T10:00,14.1714,66.4762,8.8362,290.8095,11.92
2026-10-10T11:00,14.7952,73.1905,8.7957,345.8095,12.065
2026-10-10T12:00,15.2857,70.1429,9.0519,364.381,12.945
2026-10-10T13:00,15.4524,72.5238,9.3657,341.4286,13.575
2026-10-10T14:00,15.2524,70.9524,9.3129,270.8095,13.34
2026-10-10T15:00,14.8476,57.0476,9.1757,190.7143,13.345
2026-10-10T16:00,14.1476,55.0,8.7305,93.0,13.315
2026-10-10T17:00,12.881,48.619,8.5429,11.619,12.3
2026-10-10T18:00,11.8762,56.7619,8.3486,0.0,13.74
2026-10-10T19:00,11.1952,49.0476,8.4938,0.0,13.615
2026-10-10T20:00,10.6048,45.1905,8.3933,0.0,13.325
2026-10-10T21:00,10.019,50.4286,8.5419,0.0,13.37
2026-10-10T22:00,9.6857,63.9524,8.86,0.0,13.725
2026-10-10T23:00,9.5,67.6667,8.9019,0.0,13.645
